{"Ns": [40, 80, 160, 320], "panels": {"40": {"x": [-4.92, -4.76, -4.6, -4.4399999999999995, -4.28, -4.12, -3.96, -3.8, -3.6399999999999997, -3.48, -3.3200000000000003, -3.16, -3.0, -2.84, -2.6799999999999997, -2.52, -2.36, -2.2, -2.04, -1.88, -1.72, -1.56, -1.4, -1.24, -1.08, -0.9199999999999999, -0.7599999999999998, -0.5999999999999996, -0.43999999999999995, -0.28000000000000025, -0.1200000000000001, 0.040000000000000036, 0.20000000000000018, 0.3600000000000003, 0.5200000000000005, 0.6800000000000002, 0.8399999999999999, 1.0, 1.1600000000000001, 1.3200000000000003, 1.4800000000000004, 1.6400000000000001, 1.7999999999999998, 1.96, 2.12, 2.2800000000000002, 2.4400000000000004, 2.6, 2.76, 2.92], "y": [0.0, 0.0, 0.004166666666666663, 0.0041666666666666866, 0.0, 0.012499999999999989, 0.016666666666666653, 0.04166666666666663, 0.04583333333333342, 0.08333333333333326, 0.0833333333333335, 0.20416666666666647, 0.2249999999999998, 0.20416666666666647, 0.3083333333333339, 0.320833333333333, 0.35416666666666635, 0.4250000000000008, 0.47499999999999953, 0.4958333333333329, 0.40416666666666745, 0.43333333333333296, 0.370833333333333, 0.33750000000000063, 0.33333333333333304, 0.21666666666666648, 0.19999999999999982, 0.14999999999999986, 0.13333333333333397, 0.09583333333333326, 0.09166666666666659, 0.07499999999999993, 0.029166666666666643, 0.012499999999999989, 0.016666666666666653, 0.008333333333333373, 0.016666666666666653, 0.016666666666666653, 0.0, 0.0, 0.004166666666666663, 0.0, 0.0, 0.0, 0.0, 0.0, 0.0, 0.0, 0.0, 0.0], "n_samples": 1500, "raw_top_mean": 1.8441445905641531, "raw_top_std": 0.07653762975652273}, "80": {"x": [-4.92, -4.76, -4.6, -4.4399999999999995, -4.28, -4.12, -3.96, -3.8, -3.6399999999999997, -3.48, -3.3200000000000003, -3.16, -3.0, -2.84, -2.6799999999999997, -2.52, -2.36, -2.2, -2.04, -1.88, -1.72, -1.56, -1.4, -1.24, -1.08, -0.9199999999999999, -0.7599999999999998, -0.5999999999999996, -0.43999999999999995, -0.28000000000000025, -0.1200000000000001, 0.040000000000000036, 0.20000000000000018, 0.3600000000000003, 0.5200000000000005, 0.6800000000000002, 0.8399999999999999, 1.0, 1.1600000000000001, 1.3200000000000003, 1.4800000000000004, 1.6400000000000001, 1.7999999999999998, 1.96, 2.12, 2.2800000000000002, 2.4400000000000004, 2.6, 2.76, 2.92], "y": [0.0, 0.004166666666666663, 0.004166666666666663, 0.008333333333333373, 0.016666666666666653, 0.012499999999999989, 0.024999999999999977, 0.020833333333333315, 0.020833333333333374, 0.058333333333333286, 0.10833333333333355, 0.12083333333333322, 0.24166666666666645, 0.2583333333333331, 0.2958333333333339, 0.33333333333333304, 0.43333333333333296, 0.45833333333333415, 0.3874999999999996, 0.3874999999999996, 0.40000000000000074, 0.4166666666666663, 0.3624999999999997, 0.345833333333334, 0.2916666666666664, 0.23749999999999977, 0.20833333333333315, 0.24166666666666645, 0.08750000000000041, 0.12499999999999989, 0.058333333333333286, 0.08749999999999993, 0.0791666666666666, 0.033333333333333305, 0.016666666666666653, 0.01250000000000006, 0.029166666666666643, 0.004166666666666663, 0.004166666666666663, 0.004166666666666663, 0.008333333333333326, 0.0, 0.0, 0.0, 0.0, 0.0, 0.0, 0.0, 0.0, 0.0], "n_samples": 1500, "raw_top_mean": 1.9041317771802633, "raw_top_std": 0.050607796198194256}, "160": {"x": [-4.92, -4.76, -4.6, -4.4399999999999995, -4.28, -4.12, -3.96, -3.8, -3.6399999999999997, -3.48, -3.3200000000000003, -3.16, -3.0, -2.84, -2.6799999999999997, -2.52, -2.36, -2.2, -2.04, -1.88, -1.72, -1.56, -1.4, -1.24, -1.08, -0.9199999999999999, -0.7599999999999998, -0.5999999999999996, -0.43999999999999995, -0.28000000000000025, -0.1200000000000001, 0.040000000000000036, 0.20000000000000018, 0.3600000000000003, 0.5200000000000005, 0.6800000000000002, 0.8399999999999999, 1.0, 1.1600000000000001, 1.3200000000000003, 1.4800000000000004, 1.6400000000000001, 1.7999999999999998, 1.96, 2.12, 2.2800000000000002, 2.4400000000000004, 2.6, 2.76, 2.92], "y": [0.0, 0.0, 0.0, 0.0, 0.007812499999999993, 0.015624999999999986, 0.007812499999999993, 0.04687499999999996, 0.039062500000000076, 0.062499999999999944, 0.12500000000000022, 0.16406249999999986, 0.17968749999999986, 0.19531249999999983, 0.3593750000000007, 0.2812499999999998, 0.3515624999999997, 0.3593750000000007, 0.46874999999999956, 0.5078124999999996, 0.4296875000000008, 0.43749999999999967, 0.39843749999999967, 0.3125000000000006, 0.40624999999999967, 0.2578124999999998, 0.18749999999999983, 0.21093749999999983, 0.06250000000000029, 0.10156249999999992, 0.05468749999999996, 0.062499999999999944, 0.039062499999999965, 0.04687499999999996, 0.031249999999999972, 0.02343750000000011, 0.0, 0.0, 0.015624999999999986, 0.0, 0.0, 0.0, 0.0, 0.0, 0.0, 0.0, 0.0, 0.0, 0.0, 0.0], "n_samples": 800, "raw_top_mean": 1.9392031766397566, "raw_top_std": 0.03038515486799687}, "320": {"x": [-4.92, -4.76, -4.6, -4.4399999999999995, -4.28, -4.12, -3.96, -3.8, -3.6399999999999997, -3.48, -3.3200000000000003, -3.16, -3.0, -2.84, -2.6799999999999997, -2.52, -2.36, -2.2, -2.04, -1.88, -1.72, -1.56, -1.4, -1.24, -1.08, -0.9199999999999999, -0.7599999999999998, -0.5999999999999996, -0.43999999999999995, -0.28000000000000025, -0.1200000000000001, 0.040000000000000036, 0.20000000000000018, 0.3600000000000003, 0.5200000000000005, 0.6800000000000002, 0.8399999999999999, 1.0, 1.1600000000000001, 1.3200000000000003, 1.4800000000000004, 1.6400000000000001, 1.7999999999999998, 1.96, 2.12, 2.2800000000000002, 2.4400000000000004, 2.6, 2.76, 2.92], "y": [0.0, 0.0, 0.0, 0.0, 0.015624999999999986, 0.0, 0.031249999999999972, 0.031249999999999972, 0.04687500000000009, 0.07812499999999993, 0.04687500000000009, 0.09374999999999992, 0.20312499999999983, 0.2656249999999998, 0.3125000000000006, 0.2968749999999998, 0.42187499999999967, 0.5781250000000011, 0.6406249999999994, 0.3124999999999997, 0.4218750000000008, 0.5312499999999996, 0.45312499999999956, 0.2656250000000005, 0.23437499999999978, 0.2812499999999998, 0.17187499999999986, 0.062499999999999944, 0.10937500000000051, 0.10937499999999992, 0.062499999999999944, 0.031249999999999972, 0.031249999999999972, 0.031249999999999972, 0.015624999999999986, 0.0, 0.015624999999999986, 0.031249999999999972, 0.0, 0.015624999999999986, 0.0, 0.0, 0.0, 0.0, 0.0, 0.0, 0.0, 0.0, 0.0, 0.0], "n_samples": 400, "raw_top_mean": 1.9607077891015832, "raw_top_std": 0.018461496621034662}}, "tw2_ref": {"x": [-4.92, -4.76, -4.6, -4.4399999999999995, -4.28, -4.12, -3.96, -3.8, -3.6399999999999997, -3.48, -3.3200000000000003, -3.16, -3.0, -2.84, -2.6799999999999997, -2.52, -2.36, -2.2, -2.04, -1.88, -1.72, -1.56, -1.4, -1.24, -1.08, -0.9199999999999999, -0.7599999999999998, -0.5999999999999996, -0.43999999999999995, -0.28000000000000025, -0.1200000000000001, 0.040000000000000036, 0.20000000000000018, 0.3600000000000003, 0.5200000000000005, 0.6800000000000002, 0.8399999999999999, 1.0, 1.1600000000000001, 1.3200000000000003, 1.4800000000000004, 1.6400000000000001, 1.7999999999999998, 1.96, 2.12, 2.2800000000000002, 2.4400000000000004, 2.6, 2.76, 2.92], "y": [0.0, 0.0, 0.0, 0.0, 0.015624999999999986, 0.0, 0.031249999999999972, 0.031249999999999972, 0.04687500000000009, 0.07812499999999993, 0.04687500000000009, 0.09374999999999992, 0.20312499999999983, 0.2656249999999998, 0.3125000000000006, 0.2968749999999998, 0.42187499999999967, 0.5781250000000011, 0.6406249999999994, 0.3124999999999997, 0.4218750000000008, 0.5312499999999996, 0.45312499999999956, 0.2656250000000005, 0.23437499999999978, 0.2812499999999998, 0.17187499999999986, 0.062499999999999944, 0.10937500000000051, 0.10937499999999992, 0.062499999999999944, 0.031249999999999972, 0.031249999999999972, 0.031249999999999972, 0.015624999999999986, 0.0, 0.015624999999999986, 0.031249999999999972, 0.0, 0.015624999999999986, 0.0, 0.0, 0.0, 0.0, 0.0, 0.0, 0.0, 0.0, 0.0, 0.0], "n_samples": 400, "raw_top_mean": 1.9607077891015832, "raw_top_std": 0.018461496621034662}}